iso3,country,region,year,gdp_pc_usd_const2015,agriculture_pct_gdp
ABW,Aruba,Latin America & Caribbean ,2024,33939.0,0.04
AFG,Afghanistan,"Middle East, North Africa, Afghanistan & Pakistan",2024,374.4,34.293
AGO,Angola,Sub-Saharan Africa ,2024,2798.6,21.553
ALB,Albania,Europe & Central Asia,2024,6549.2,15.452
AND,Andorra,Europe & Central Asia,2024,41224.0,0.491
ARE,United Arab Emirates,"Middle East, North Africa, Afghanistan & Pakistan",2024,41605.4,0.769
ARG,Argentina,Latin America & Caribbean ,2024,12774.4,5.806
ARM,Armenia,Europe & Central Asia,2024,5378.3,7.806
ATG,Antigua and Barbuda,Latin America & Caribbean ,2024,18304.6,1.611
AUS,Australia,East Asia & Pacific,2024,61486.4,2.036
AUT,Austria,Europe & Central Asia,2024,45958.8,1.217
AZE,Azerbaijan,Europe & Central Asia,2024,5876.0,5.583
BDI,Burundi,Sub-Saharan Africa ,2024,268.7,35.051
BEL,Belgium,Europe & Central Asia,2024,45019.7,0.792
BEN,Benin,Sub-Saharan Africa ,2024,1324.8,24.232
BFA,Burkina Faso,Sub-Saharan Africa ,2024,764.1,20.925
BGD,Bangladesh,South Asia,2024,1941.3,11.165
BGR,Bulgaria,Europe & Central Asia,2024,10127.4,2.351
BHR,Bahrain,"Middle East, North Africa, Afghanistan & Pakistan",2024,25886.2,0.245
BHS,"Bahamas, The",Latin America & Caribbean ,2024,33968.2,0.515
BIH,Bosnia and Herzegovina,Europe & Central Asia,2024,6747.0,4.496
BLR,Belarus,Europe & Central Asia,2024,6814.3,7.041
BLZ,Belize,Latin America & Caribbean ,2024,6290.5,7.948
BMU,Bermuda,North America,2024,116513.5,0.178
BOL,Bolivia,Latin America & Caribbean ,2024,3045.6,8.826
BRA,Brazil,Latin America & Caribbean ,2024,9566.7,5.752
BRB,Barbados,Latin America & Caribbean ,2024,22421.5,1.555
BRN,Brunei Darussalam,East Asia & Pacific,2024,29563.9,1.174
BTN,Bhutan,South Asia,2024,3717.2,14.149
BWA,Botswana,Sub-Saharan Africa ,2024,6952.3,1.762
CAF,Central African Republic,Sub-Saharan Africa ,2024,389.9,27.899
CAN,Canada,North America,2024,45061.4,1.933
CHE,Switzerland,Europe & Central Asia,2024,93018.4,0.609
CHI,Channel Islands,Europe & Central Asia,2023,69818.2,0.599
CHL,Chile,Latin America & Caribbean ,2024,14616.9,3.825
CHN,China,East Asia & Pacific,2024,13119.1,6.798
CIV,Cote d'Ivoire,Sub-Saharan Africa ,2024,2395.7,15.859
CMR,Cameroon,Sub-Saharan Africa ,2024,1480.7,18.462
COD,"Congo, Dem. Rep.",Sub-Saharan Africa ,2024,554.1,10.083
COG,"Congo, Rep.",Sub-Saharan Africa ,2024,1671.7,9.44
COL,Colombia,Latin America & Caribbean ,2024,6865.3,9.496
COM,Comoros,Sub-Saharan Africa ,2024,1402.5,36.067
CPV,Cabo Verde,Sub-Saharan Africa ,2024,4438.4,4.947
CRI,Costa Rica,Latin America & Caribbean ,2024,15052.9,3.425
CUB,Cuba,Latin America & Caribbean ,2024,7381.4,1.24
CUW,Curacao,Latin America & Caribbean ,2024,18044.8,0.279
CYM,Cayman Islands,Latin America & Caribbean ,2024,84381.5,0.453
CYP,Cyprus,Europe & Central Asia,2024,32757.5,1.155
CZE,Czechia,Europe & Central Asia,2024,20449.1,1.899
DEU,Germany,Europe & Central Asia,2024,44027.8,0.914
DJI,Djibouti,"Middle East, North Africa, Afghanistan & Pakistan",2024,3290.4,2.512
DMA,Dominica,Latin America & Caribbean ,2024,9172.7,12.224
DNK,Denmark,Europe & Central Asia,2024,60772.9,0.928
DOM,Dominican Republic,Latin America & Caribbean ,2024,9168.5,4.454
DZA,Algeria,"Middle East, North Africa, Afghanistan & Pakistan",2024,4765.7,13.96
ECU,Ecuador,Latin America & Caribbean ,2024,5993.7,9.236
EGY,"Egypt, Arab Rep.","Middle East, North Africa, Afghanistan & Pakistan",2024,4137.6,13.712
ESP,Spain,Europe & Central Asia,2024,29245.2,2.753
EST,Estonia,Europe & Central Asia,2024,20078.1,1.767
ETH,Ethiopia,Sub-Saharan Africa ,2024,883.5,34.774
FIN,Finland,Europe & Central Asia,2024,45075.2,2.467
FJI,Fiji,East Asia & Pacific,2024,5935.2,13.19
FRA,France,Europe & Central Asia,2024,39683.4,1.3
FRO,Faroe Islands,Europe & Central Asia,2024,59302.1,16.067
FSM,"Micronesia, Fed. Sts.",East Asia & Pacific,2024,3001.8,22.33
GAB,Gabon,Sub-Saharan Africa ,2024,6619.0,6.559
GBR,United Kingdom,Europe & Central Asia,2024,47901.0,0.64
GEO,Georgia,Europe & Central Asia,2024,6606.4,5.485
GHA,Ghana,Sub-Saharan Africa ,2024,2173.0,20.575
GIN,Guinea,Sub-Saharan Africa ,2024,1045.9,30.961
GMB,"Gambia, The",Sub-Saharan Africa ,2024,759.0,20.434
GNB,Guinea-Bissau,Sub-Saharan Africa ,2024,785.9,41.164
GNQ,Equatorial Guinea,Sub-Saharan Africa ,2024,4893.0,2.732
GRC,Greece,Europe & Central Asia,2024,21494.7,3.766
GRD,Grenada,Latin America & Caribbean ,2024,10042.7,2.693
GRL,Greenland,Europe & Central Asia,2023,49929.8,16.558
GTM,Guatemala,Latin America & Caribbean ,2024,4564.2,9.658
GUY,Guyana,Latin America & Caribbean ,2024,33034.9,7.623
HKG,"Hong Kong SAR, China",East Asia & Pacific,2024,44734.4,0.037
HND,Honduras,Latin America & Caribbean ,2024,2575.3,11.269
HRV,Croatia,Europe & Central Asia,2024,17854.3,2.896
HTI,Haiti,Latin America & Caribbean ,2024,1154.7,16.504
HUN,Hungary,Europe & Central Asia,2024,16543.1,2.712
IDN,Indonesia,East Asia & Pacific,2024,4367.9,12.61
IMN,Isle of Man,Europe & Central Asia,2023,84315.1,0.373
IND,India,South Asia,2024,2366.8,17.574
IRL,Ireland,Europe & Central Asia,2024,94475.0,1.021
IRN,"Iran, Islamic Rep.","Middle East, North Africa, Afghanistan & Pakistan",2024,5834.4,10.8
IRQ,Iraq,"Middle East, North Africa, Afghanistan & Pakistan",2024,4180.3,3.395
ISL,Iceland,Europe & Central Asia,2024,59053.6,3.541
ISR,Israel,"Middle East, North Africa, Afghanistan & Pakistan",2024,41882.0,1.285
ITA,Italy,Europe & Central Asia,2024,34508.1,2.008
JAM,Jamaica,Latin America & Caribbean ,2024,6096.4,7.969
JOR,Jordan,"Middle East, North Africa, Afghanistan & Pakistan",2024,4441.0,5.242
JPN,Japan,East Asia & Pacific,2024,37976.6,0.958
KAZ,Kazakhstan,Europe & Central Asia,2024,11872.8,3.882
KEN,Kenya,Sub-Saharan Africa ,2024,1858.9,22.442
KGZ,Kyrgyz Republic,Europe & Central Asia,2024,1423.6,8.622
KHM,Cambodia,East Asia & Pacific,2024,2183.6,16.577
KIR,Kiribati,East Asia & Pacific,2024,2052.8,23.166
KNA,St. Kitts and Nevis,Latin America & Caribbean ,2024,21692.2,1.288
KOR,"Korea, Rep.",East Asia & Pacific,2024,37048.4,1.458
KWT,Kuwait,"Middle East, North Africa, Afghanistan & Pakistan",2024,24140.3,0.491
LAO,Lao PDR,East Asia & Pacific,2024,2721.1,16.772
LBN,Lebanon,"Middle East, North Africa, Afghanistan & Pakistan",2024,5391.2,1.045
LBR,Liberia,Sub-Saharan Africa ,2024,665.1,33.833
LBY,Libya,"Middle East, North Africa, Afghanistan & Pakistan",2024,7696.1,2.392
LCA,St. Lucia,Latin America & Caribbean ,2024,12190.8,1.45
LIE,Liechtenstein,Europe & Central Asia,2015,167187.2,0.159
LKA,Sri Lanka,South Asia,2024,4198.7,8.374
LSO,Lesotho,Sub-Saharan Africa ,2024,1012.6,6.624
LTU,Lithuania,Europe & Central Asia,2024,19205.4,2.416
LUX,Luxembourg,Europe & Central Asia,2024,104147.1,0.209
LVA,Latvia,Europe & Central Asia,2024,16376.3,3.948
MAR,Morocco,"Middle East, North Africa, Afghanistan & Pakistan",2024,3516.2,10.567
MDA,Moldova,Europe & Central Asia,2024,3855.6,7.255
MDG,Madagascar,Sub-Saharan Africa ,2024,454.0,21.92
MDV,Maldives,South Asia,2024,11798.8,3.842
MEX,Mexico,Latin America & Caribbean ,2024,10284.0,3.869
MHL,Marshall Islands,East Asia & Pacific,2024,5832.5,19.936
MKD,North Macedonia,Europe & Central Asia,2024,6628.8,6.083
MLI,Mali,Sub-Saharan Africa ,2024,910.3,32.593
MLT,Malta,"Middle East, North Africa, Afghanistan & Pakistan",2024,34501.8,0.491
MMR,Myanmar,East Asia & Pacific,2024,1158.5,25.3
MNE,Montenegro,Europe & Central Asia,2024,8540.0,3.493
MNG,Mongolia,East Asia & Pacific,2024,4626.8,7.291
MOZ,Mozambique,Sub-Saharan Africa ,2024,605.8,25.169
MRT,Mauritania,Sub-Saharan Africa ,2024,1692.8,19.331
MUS,Mauritius,Sub-Saharan Africa ,2024,11918.8,4.232
MWI,Malawi,Sub-Saharan Africa ,2024,552.0,31.787
MYS,Malaysia,East Asia & Pacific,2024,11883.8,8.128
NAM,Namibia,Sub-Saharan Africa ,2024,4032.4,7.154
NCL,New Caledonia,East Asia & Pacific,2015,30858.7,1.786
NER,Niger,Sub-Saharan Africa ,2024,589.1,47.969
NGA,Nigeria,Sub-Saharan Africa ,2024,2324.6,25.873
NIC,Nicaragua,Latin America & Caribbean ,2024,2290.3,14.522
NLD,Netherlands,Europe & Central Asia,2024,51174.9,1.731
NOR,Norway,Europe & Central Asia,2024,83487.1,1.699
NPL,Nepal,South Asia,2024,1180.0,21.674
NZL,New Zealand,East Asia & Pacific,2024,41415.5,4.009
OMN,Oman,"Middle East, North Africa, Afghanistan & Pakistan",2024,17347.3,2.603
PAK,Pakistan,"Middle East, North Africa, Afghanistan & Pakistan",2024,1635.1,23.732
PAN,Panama,Latin America & Caribbean ,2024,17122.7,2.682
PER,Peru,Latin America & Caribbean ,2024,6732.3,7.471
PHL,Philippines,East Asia & Pacific,2024,3926.1,9.087
PLW,Palau,East Asia & Pacific,2024,14666.5,2.731
PNG,Papua New Guinea,East Asia & Pacific,2024,2566.9,17.022
POL,Poland,Europe & Central Asia,2024,18000.5,2.54
PRI,Puerto Rico (US),Latin America & Caribbean ,2024,30978.7,0.701
PRT,Portugal,Europe & Central Asia,2024,22664.0,2.019
PRY,Paraguay,Latin America & Caribbean ,2024,6670.7,11.247
PSE,West Bank and Gaza,"Middle East, North Africa, Afghanistan & Pakistan",2024,2258.2,5.52
PYF,French Polynesia,East Asia & Pacific,2024,20846.7,2.216
QAT,Qatar,"Middle East, North Africa, Afghanistan & Pakistan",2024,62395.3,0.291
ROU,Romania,Europe & Central Asia,2024,12459.9,2.811
RUS,Russian Federation,Europe & Central Asia,2024,11092.6,2.906
RWA,Rwanda,Sub-Saharan Africa ,2024,1043.2,20.793
SAU,Saudi Arabia,"Middle East, North Africa, Afghanistan & Pakistan",2024,25123.0,2.507
SDN,Sudan,Sub-Saharan Africa ,2024,578.4,22.181
SEN,Senegal,Sub-Saharan Africa ,2024,1517.6,15.57
SGP,Singapore,East Asia & Pacific,2024,68129.7,0.026
SLB,Solomon Islands,East Asia & Pacific,2024,1806.4,29.726
SLE,Sierra Leone,Sub-Saharan Africa ,2024,1137.3,29.158
SLV,El Salvador,Latin America & Caribbean ,2024,4576.6,4.506
SMR,San Marino,Europe & Central Asia,2023,51323.8,0.015
SRB,Serbia,Europe & Central Asia,2024,8580.3,3.172
SSD,South Sudan,Sub-Saharan Africa ,2015,1080.1,10.355
STP,Sao Tome and Principe,Sub-Saharan Africa ,2024,1373.3,12.452
SUR,Suriname,Latin America & Caribbean ,2024,7246.3,6.77
SVK,Slovak Republic,Europe & Central Asia,2024,19776.2,1.583
SVN,Slovenia,Europe & Central Asia,2024,26134.6,1.537
SWE,Sweden,Europe & Central Asia,2024,54316.3,1.436
SWZ,Eswatini,Sub-Saharan Africa ,2024,3866.4,6.477
SYC,Seychelles,Sub-Saharan Africa ,2024,16612.6,2.634
SYR,Syrian Arab Republic,"Middle East, North Africa, Afghanistan & Pakistan",2022,716.9,42.852
TCA,Turks and Caicos Islands,Latin America & Caribbean ,2024,57179.3,0.352
TCD,Chad,Sub-Saharan Africa ,2024,856.0,37.16
TGO,Togo,Sub-Saharan Africa ,2024,1053.8,21.344
THA,Thailand,East Asia & Pacific,2024,6616.6,8.892
TJK,Tajikistan,Europe & Central Asia,2024,1496.3,23.055
TKM,Turkmenistan,Europe & Central Asia,2024,8229.7,12.167
TLS,Timor-Leste,East Asia & Pacific,2024,1149.2,20.161
TON,Tonga,East Asia & Pacific,2024,4779.9,18.567
TTO,Trinidad and Tobago,Latin America & Caribbean ,2024,16312.5,0.778
TUN,Tunisia,"Middle East, North Africa, Afghanistan & Pakistan",2024,4006.2,9.739
TUR,Turkiye,Europe & Central Asia,2024,15395.0,5.82
TUV,Tuvalu,East Asia & Pacific,2024,4382.9,15.941
TZA,Tanzania,Sub-Saharan Africa ,2024,1120.8,23.318
UGA,Uganda,Sub-Saharan Africa ,2024,986.1,24.619
UKR,Ukraine,Europe & Central Asia,2024,2226.1,7.295
URY,Uruguay,Latin America & Caribbean ,2024,19024.1,6.38
USA,United States,North America,2024,66856.5,0.943
UZB,Uzbekistan,Europe & Central Asia,2024,4477.9,17.73
VCT,St. Vincent and the Grenadines,Latin America & Caribbean ,2024,9485.2,3.546
VNM,Viet Nam,East Asia & Pacific,2024,4012.5,12.029
VUT,Vanuatu,East Asia & Pacific,2024,3223.9,26.627
WSM,Samoa,East Asia & Pacific,2024,4880.5,9.795
XKX,Kosovo,Europe & Central Asia,2024,5631.7,7.335
YEM,"Yemen, Rep.","Middle East, North Africa, Afghanistan & Pakistan",2018,1079.3,28.745
ZAF,South Africa,Sub-Saharan Africa ,2024,5715.5,2.811
ZMB,Zambia,Sub-Saharan Africa ,2024,1343.4,2.834
ZWE,Zimbabwe,Sub-Saharan Africa ,2024,1416.8,8.692
