province,year,poverty_headcount_pct,gini_ratio
ACEH,2010,,0.301
ACEH,2011,,0.326
ACEH,2012,19.46,0.32
ACEH,2013,17.6,0.341
ACEH,2014,18.05,0.325
ACEH,2015,17.08,0.334
ACEH,2016,16.73,0.333
ACEH,2017,16.89,0.329
ACEH,2018,15.97,0.325
ACEH,2019,15.32,0.319
ACEH,2020,14.99,0.323
ACEH,2021,15.33,0.324
ACEH,2022,14.64,0.311
ACEH,2023,14.45,0.296
ACEH,2024,14.23,0.294
BALI,2010,,0.366
BALI,2011,,0.407
BALI,2012,4.18,0.431
BALI,2013,3.95,0.403
BALI,2014,4.53,0.415
BALI,2015,4.74,0.377
BALI,2016,4.25,0.366
BALI,2017,4.25,0.384
BALI,2018,4.01,0.377
BALI,2019,3.79,0.366
BALI,2020,3.78,0.369
BALI,2021,4.53,0.378
BALI,2022,4.57,0.363
BALI,2023,4.25,0.362
BALI,2024,4,0.361
BANTEN,2010,,0.419
BANTEN,2011,,0.404
BANTEN,2012,5.85,0.387
BANTEN,2013,5.74,0.399
BANTEN,2014,5.35,0.395
BANTEN,2015,5.9,0.401
BANTEN,2016,5.42,0.394
BANTEN,2017,5.45,0.382
BANTEN,2018,5.24,0.385
BANTEN,2019,5.09,0.365
BANTEN,2020,5.92,0.363
BANTEN,2021,6.66,0.365
BANTEN,2022,6.16,0.363
BANTEN,2023,6.17,0.368
BANTEN,2024,5.84,0.353
BENGKULU,2010,,0.365
BENGKULU,2011,,0.36
BENGKULU,2012,17.7,0.354
BENGKULU,2013,18.34,0.386
BENGKULU,2014,17.48,0.356
BENGKULU,2015,17.88,0.376
BENGKULU,2016,17.32,0.357
BENGKULU,2017,16.45,0.351
BENGKULU,2018,15.43,0.362
BENGKULU,2019,15.23,0.34
BENGKULU,2020,15.03,0.334
BENGKULU,2021,15.22,0.326
BENGKULU,2022,14.62,0.315
BENGKULU,2023,14.04,0.333
BENGKULU,2024,13.56,0.342
DI YOGYAKARTA,2010,,0.407
DI YOGYAKARTA,2011,,0.401
DI YOGYAKARTA,2012,16.05,0.434
DI YOGYAKARTA,2013,15.43,0.439
DI YOGYAKARTA,2014,15,0.419
DI YOGYAKARTA,2015,14.91,0.433
DI YOGYAKARTA,2016,13.34,0.42
DI YOGYAKARTA,2017,13.02,0.432
DI YOGYAKARTA,2018,12.13,0.441
DI YOGYAKARTA,2019,11.7,0.423
DI YOGYAKARTA,2020,12.28,0.434
DI YOGYAKARTA,2021,12.8,0.441
DI YOGYAKARTA,2022,11.34,0.439
DI YOGYAKARTA,2023,11.04,0.449
DI YOGYAKARTA,2024,10.83,0.435
DKI JAKARTA,2010,,0.361
DKI JAKARTA,2011,,0.438
DKI JAKARTA,2012,3.69,0.421
DKI JAKARTA,2013,3.55,0.433
DKI JAKARTA,2014,3.92,0.431
DKI JAKARTA,2015,3.93,0.431
DKI JAKARTA,2016,3.75,0.411
DKI JAKARTA,2017,3.77,0.413
DKI JAKARTA,2018,3.57,0.394
DKI JAKARTA,2019,3.47,0.394
DKI JAKARTA,2020,4.53,0.399
DKI JAKARTA,2021,4.72,0.409
DKI JAKARTA,2022,4.69,0.423
DKI JAKARTA,2023,4.44,0.431
DKI JAKARTA,2024,4.3,0.423
GORONTALO,2010,,0.431
GORONTALO,2011,,0.459
GORONTALO,2012,17.33,0.437
GORONTALO,2013,17.51,0.437
GORONTALO,2014,17.44,0.412
GORONTALO,2015,18.32,0.42
GORONTALO,2016,17.72,0.419
GORONTALO,2017,17.65,0.43
GORONTALO,2018,16.81,0.403
GORONTALO,2019,15.52,0.407
GORONTALO,2020,15.22,0.408
GORONTALO,2021,15.61,0.408
GORONTALO,2022,15.42,0.418
GORONTALO,2023,15.15,0.417
GORONTALO,2024,14.57,0.414
INDONESIA,2010,,0.378
INDONESIA,2011,,0.41
INDONESIA,2012,11.96,0.41
INDONESIA,2013,11.37,0.413
INDONESIA,2014,11.25,0.406
INDONESIA,2015,11.22,0.408
INDONESIA,2016,10.86,0.397
INDONESIA,2017,10.64,0.393
INDONESIA,2018,9.82,0.389
INDONESIA,2019,9.41,0.382
INDONESIA,2020,9.78,0.381
INDONESIA,2021,10.14,0.384
INDONESIA,2022,9.54,0.384
INDONESIA,2023,9.36,0.388
INDONESIA,2024,9.03,0.379
JAMBI,2010,,0.304
JAMBI,2011,,0.34
JAMBI,2012,8.42,0.345
JAMBI,2013,8.07,0.348
JAMBI,2014,7.92,0.329
JAMBI,2015,8.86,0.361
JAMBI,2016,8.41,0.349
JAMBI,2017,8.19,0.335
JAMBI,2018,7.92,0.334
JAMBI,2019,7.6,0.321
JAMBI,2020,7.58,0.32
JAMBI,2021,8.09,0.321
JAMBI,2022,7.62,0.32
JAMBI,2023,7.58,0.343
JAMBI,2024,7.1,0.321
JAWA BARAT,2010,,0.356
JAWA BARAT,2011,,0.411
JAWA BARAT,2012,10.09,0.412
JAWA BARAT,2013,9.52,0.411
JAWA BARAT,2014,9.44,0.413
JAWA BARAT,2015,9.53,0.415
JAWA BARAT,2016,8.95,0.413
JAWA BARAT,2017,8.71,0.403
JAWA BARAT,2018,7.45,0.407
JAWA BARAT,2019,6.91,0.402
JAWA BARAT,2020,7.88,0.403
JAWA BARAT,2021,8.4,0.412
JAWA BARAT,2022,8.06,0.417
JAWA BARAT,2023,7.62,0.425
JAWA BARAT,2024,7.46,0.421
JAWA TENGAH,2010,,0.341
JAWA TENGAH,2011,,0.383
JAWA TENGAH,2012,15.34,0.383
JAWA TENGAH,2013,14.56,0.387
JAWA TENGAH,2014,14.46,0.376
JAWA TENGAH,2015,13.58,0.382
JAWA TENGAH,2016,13.27,0.366
JAWA TENGAH,2017,13.01,0.365
JAWA TENGAH,2018,11.32,0.378
JAWA TENGAH,2019,10.8,0.361
JAWA TENGAH,2020,11.41,0.362
JAWA TENGAH,2021,11.79,0.372
JAWA TENGAH,2022,10.93,0.374
JAWA TENGAH,2023,10.77,0.369
JAWA TENGAH,2024,10.47,0.367
JAWA TIMUR,2010,,0.337
JAWA TIMUR,2011,,0.374
JAWA TIMUR,2012,13.4,0.357
JAWA TIMUR,2013,12.55,0.364
JAWA TIMUR,2014,12.42,0.369
JAWA TIMUR,2015,12.34,0.415
JAWA TIMUR,2016,12.05,0.402
JAWA TIMUR,2017,11.77,0.396
JAWA TIMUR,2018,10.98,0.379
JAWA TIMUR,2019,10.37,0.37
JAWA TIMUR,2020,11.09,0.366
JAWA TIMUR,2021,11.4,0.374
JAWA TIMUR,2022,10.38,0.371
JAWA TIMUR,2023,10.35,0.387
JAWA TIMUR,2024,9.79,0.372
KALIMANTAN BARAT,2010,,0.37
KALIMANTAN BARAT,2011,,0.401
KALIMANTAN BARAT,2012,8.17,0.381
KALIMANTAN BARAT,2013,8.24,0.396
KALIMANTAN BARAT,2014,8.54,0.391
KALIMANTAN BARAT,2015,8.03,0.334
KALIMANTAN BARAT,2016,7.87,0.341
KALIMANTAN BARAT,2017,7.88,0.327
KALIMANTAN BARAT,2018,7.77,0.339
KALIMANTAN BARAT,2019,7.49,0.327
KALIMANTAN BARAT,2020,7.17,0.317
KALIMANTAN BARAT,2021,7.15,0.313
KALIMANTAN BARAT,2022,6.73,0.314
KALIMANTAN BARAT,2023,6.71,0.321
KALIMANTAN BARAT,2024,6.32,0.31
KALIMANTAN SELATAN,2010,,0.366
KALIMANTAN SELATAN,2011,,0.37
KALIMANTAN SELATAN,2012,5.06,0.378
KALIMANTAN SELATAN,2013,4.77,0.359
KALIMANTAN SELATAN,2014,4.68,0.359
KALIMANTAN SELATAN,2015,4.99,0.353
KALIMANTAN SELATAN,2016,4.85,0.332
KALIMANTAN SELATAN,2017,4.73,0.347
KALIMANTAN SELATAN,2018,4.54,0.344
KALIMANTAN SELATAN,2019,4.55,0.334
KALIMANTAN SELATAN,2020,4.38,0.332
KALIMANTAN SELATAN,2021,4.83,0.33
KALIMANTAN SELATAN,2022,4.49,0.317
KALIMANTAN SELATAN,2023,4.29,0.313
KALIMANTAN SELATAN,2024,4.11,0.302
KALIMANTAN TENGAH,2010,,0.304
KALIMANTAN TENGAH,2011,,0.338
KALIMANTAN TENGAH,2012,6.51,0.333
KALIMANTAN TENGAH,2013,5.93,0.35
KALIMANTAN TENGAH,2014,6.03,0.35
KALIMANTAN TENGAH,2015,5.94,0.326
KALIMANTAN TENGAH,2016,5.66,0.33
KALIMANTAN TENGAH,2017,5.37,0.343
KALIMANTAN TENGAH,2018,5.17,0.342
KALIMANTAN TENGAH,2019,4.98,0.336
KALIMANTAN TENGAH,2020,4.82,0.329
KALIMANTAN TENGAH,2021,5.16,0.323
KALIMANTAN TENGAH,2022,5.28,0.319
KALIMANTAN TENGAH,2023,5.11,0.317
KALIMANTAN TENGAH,2024,5.17,0.301
KALIMANTAN TIMUR,2010,,0.368
KALIMANTAN TIMUR,2011,,0.375
KALIMANTAN TIMUR,2012,6.68,0.362
KALIMANTAN TIMUR,2013,6.06,0.371
KALIMANTAN TIMUR,2014,6.42,0.348
KALIMANTAN TIMUR,2015,6.23,0.316
KALIMANTAN TIMUR,2016,6.11,0.315
KALIMANTAN TIMUR,2017,6.19,0.33
KALIMANTAN TIMUR,2018,6.03,0.342
KALIMANTAN TIMUR,2019,5.94,0.33
KALIMANTAN TIMUR,2020,6.1,0.328
KALIMANTAN TIMUR,2021,6.54,0.334
KALIMANTAN TIMUR,2022,6.31,0.327
KALIMANTAN TIMUR,2023,6.11,0.322
KALIMANTAN TIMUR,2024,5.78,0.321
KALIMANTAN UTARA,2015,6.24,0.294
KALIMANTAN UTARA,2016,6.23,0.3
KALIMANTAN UTARA,2017,7.22,0.308
KALIMANTAN UTARA,2018,7.09,0.303
KALIMANTAN UTARA,2019,6.63,0.295
KALIMANTAN UTARA,2020,6.8,0.292
KALIMANTAN UTARA,2021,7.36,0.292
KALIMANTAN UTARA,2022,6.77,0.272
KALIMANTAN UTARA,2023,6.45,0.277
KALIMANTAN UTARA,2024,6.32,0.264
KEP. BANGKA BELITUNG,2010,,0.296
KEP. BANGKA BELITUNG,2011,,0.301
KEP. BANGKA BELITUNG,2012,5.53,0.294
KEP. BANGKA BELITUNG,2013,5.21,0.313
KEP. BANGKA BELITUNG,2014,5.36,0.303
KEP. BANGKA BELITUNG,2015,5.4,0.283
KEP. BANGKA BELITUNG,2016,5.22,0.275
KEP. BANGKA BELITUNG,2017,5.2,0.282
KEP. BANGKA BELITUNG,2018,5.25,0.281
KEP. BANGKA BELITUNG,2019,4.62,0.269
KEP. BANGKA BELITUNG,2020,4.53,0.262
KEP. BANGKA BELITUNG,2021,4.9,0.256
KEP. BANGKA BELITUNG,2022,4.45,0.236
KEP. BANGKA BELITUNG,2023,4.52,0.245
KEP. BANGKA BELITUNG,2024,4.55,0.244
KEP. RIAU,2010,,0.293
KEP. RIAU,2011,,0.317
KEP. RIAU,2012,7.11,0.354
KEP. RIAU,2013,6.46,0.362
KEP. RIAU,2014,6.7,0.402
KEP. RIAU,2015,6.24,0.364
KEP. RIAU,2016,5.98,0.354
KEP. RIAU,2017,6.06,0.334
KEP. RIAU,2018,6.2,0.33
KEP. RIAU,2019,5.9,0.341
KEP. RIAU,2020,5.92,0.339
KEP. RIAU,2021,6.12,0.343
KEP. RIAU,2022,6.24,0.342
KEP. RIAU,2023,5.69,0.34
KEP. RIAU,2024,5.37,0.349
LAMPUNG,2010,,0.36
LAMPUNG,2011,,0.366
LAMPUNG,2012,16.18,0.358
LAMPUNG,2013,14.86,0.356
LAMPUNG,2014,14.28,0.347
LAMPUNG,2015,14.35,0.376
LAMPUNG,2016,14.29,0.364
LAMPUNG,2017,13.69,0.334
LAMPUNG,2018,13.14,0.346
LAMPUNG,2019,12.62,0.329
LAMPUNG,2020,12.34,0.327
LAMPUNG,2021,12.62,0.323
LAMPUNG,2022,11.57,0.314
LAMPUNG,2023,11.11,0.324
LAMPUNG,2024,10.69,0.302
MALUKU,2010,,0.329
MALUKU,2011,,0.412
MALUKU,2012,21.78,0.383
MALUKU,2013,19.49,0.37
MALUKU,2014,19.13,0.351
MALUKU,2015,19.51,0.34
MALUKU,2016,19.18,0.348
MALUKU,2017,18.45,0.343
MALUKU,2018,18.12,0.343
MALUKU,2019,17.69,0.324
MALUKU,2020,17.44,0.318
MALUKU,2021,17.87,0.314
MALUKU,2022,15.97,0.301
MALUKU,2023,16.42,0.288
MALUKU,2024,16.05,0.282
MALUKU UTARA,2010,,0.336
MALUKU UTARA,2011,,0.334
MALUKU UTARA,2012,8.47,0.338
MALUKU UTARA,2013,7.5,0.318
MALUKU UTARA,2014,7.3,0.325
MALUKU UTARA,2015,6.84,0.28
MALUKU UTARA,2016,6.33,0.286
MALUKU UTARA,2017,6.35,0.317
MALUKU UTARA,2018,6.64,0.328
MALUKU UTARA,2019,6.77,0.312
MALUKU UTARA,2020,6.78,0.308
MALUKU UTARA,2021,6.89,0.3
MALUKU UTARA,2022,6.23,0.279
MALUKU UTARA,2023,6.46,0.3
MALUKU UTARA,2024,6.32,0.316
NUSA TENGGARA BARAT,2010,,0.396
NUSA TENGGARA BARAT,2011,,0.363
NUSA TENGGARA BARAT,2012,18.63,0.348
NUSA TENGGARA BARAT,2013,17.97,0.364
NUSA TENGGARA BARAT,2014,17.25,0.377
NUSA TENGGARA BARAT,2015,17.1,0.368
NUSA TENGGARA BARAT,2016,16.48,0.359
NUSA TENGGARA BARAT,2017,16.07,0.371
NUSA TENGGARA BARAT,2018,14.75,0.372
NUSA TENGGARA BARAT,2019,14.56,0.379
NUSA TENGGARA BARAT,2020,13.97,0.376
NUSA TENGGARA BARAT,2021,14.14,0.381
NUSA TENGGARA BARAT,2022,13.68,0.373
NUSA TENGGARA BARAT,2023,13.85,0.375
NUSA TENGGARA BARAT,2024,12.91,0.361
NUSA TENGGARA TIMUR,2010,,0.378
NUSA TENGGARA TIMUR,2011,,0.365
NUSA TENGGARA TIMUR,2012,20.88,0.356
NUSA TENGGARA TIMUR,2013,20.03,0.352
NUSA TENGGARA TIMUR,2014,19.82,0.355
NUSA TENGGARA TIMUR,2015,22.61,0.339
NUSA TENGGARA TIMUR,2016,22.19,0.336
NUSA TENGGARA TIMUR,2017,21.85,0.359
NUSA TENGGARA TIMUR,2018,21.35,0.351
NUSA TENGGARA TIMUR,2019,21.09,0.356
NUSA TENGGARA TIMUR,2020,20.9,0.354
NUSA TENGGARA TIMUR,2021,20.99,0.346
NUSA TENGGARA TIMUR,2022,20.05,0.334
NUSA TENGGARA TIMUR,2023,19.96,0.325
NUSA TENGGARA TIMUR,2024,19.48,0.316
PAPUA,2010,,0.414
PAPUA,2011,,0.419
PAPUA,2012,31.11,0.439
PAPUA,2013,31.13,0.442
PAPUA,2014,30.05,0.408
PAPUA,2015,28.17,0.421
PAPUA,2016,28.54,0.39
PAPUA,2017,27.62,0.397
PAPUA,2018,27.74,0.384
PAPUA,2019,27.53,0.394
PAPUA,2020,26.64,0.392
PAPUA,2021,26.86,0.397
PAPUA,2022,26.56,0.406
PAPUA,2023,26.03,0.386
PAPUA,2024,17.26,0.362
PAPUA BARAT,2010,,0.381
PAPUA BARAT,2011,,0.416
PAPUA BARAT,2012,28.2,0.425
PAPUA BARAT,2013,26.67,0.431
PAPUA BARAT,2014,27.13,0.439
PAPUA BARAT,2015,25.82,0.44
PAPUA BARAT,2016,25.43,0.373
PAPUA BARAT,2017,25.1,0.39
PAPUA BARAT,2018,23.01,0.394
PAPUA BARAT,2019,22.17,0.386
PAPUA BARAT,2020,21.37,0.382
PAPUA BARAT,2021,21.84,0.38
PAPUA BARAT,2022,21.33,0.37
PAPUA BARAT,2023,20.49,0.37
PAPUA BARAT,2024,21.66,0.389
PAPUA BARAT DAYA,2024,18.13,0.346
PAPUA PEGUNUNGAN,2024,32.97,0.34
PAPUA SELATAN,2024,17.44,0.404
PAPUA TENGAH,2024,29.76,0.381
RIAU,2010,,0.326
RIAU,2011,,0.363
RIAU,2012,8.22,0.404
RIAU,2013,7.72,0.374
RIAU,2014,8.12,0.353
RIAU,2015,8.42,0.364
RIAU,2016,7.98,0.347
RIAU,2017,7.78,0.325
RIAU,2018,7.39,0.327
RIAU,2019,7.08,0.334
RIAU,2020,6.82,0.329
RIAU,2021,7.12,0.326
RIAU,2022,6.78,0.326
RIAU,2023,6.68,0.324
RIAU,2024,6.67,0.307
SULAWESI BARAT,2010,,0.364
SULAWESI BARAT,2011,,0.342
SULAWESI BARAT,2012,13.24,0.315
SULAWESI BARAT,2013,12.3,0.349
SULAWESI BARAT,2014,12.27,0.352
SULAWESI BARAT,2015,12.4,0.363
SULAWESI BARAT,2016,11.74,0.364
SULAWESI BARAT,2017,11.3,0.354
SULAWESI BARAT,2018,11.25,0.37
SULAWESI BARAT,2019,11.02,0.365
SULAWESI BARAT,2020,10.87,0.364
SULAWESI BARAT,2021,11.29,0.356
SULAWESI BARAT,2022,11.75,0.362
SULAWESI BARAT,2023,11.49,0.351
SULAWESI BARAT,2024,11.21,0.354
SULAWESI SELATAN,2010,,0.404
SULAWESI SELATAN,2011,,0.405
SULAWESI SELATAN,2012,10.11,0.41
SULAWESI SELATAN,2013,9.54,0.429
SULAWESI SELATAN,2014,10.28,0.425
SULAWESI SELATAN,2015,9.39,0.424
SULAWESI SELATAN,2016,9.4,0.426
SULAWESI SELATAN,2017,9.38,0.407
SULAWESI SELATAN,2018,9.06,0.397
SULAWESI SELATAN,2019,8.69,0.389
SULAWESI SELATAN,2020,8.72,0.389
SULAWESI SELATAN,2021,8.78,0.382
SULAWESI SELATAN,2022,8.63,0.377
SULAWESI SELATAN,2023,8.7,0.377
SULAWESI SELATAN,2024,8.06,0.363
SULAWESI TENGAH,2010,,0.366
SULAWESI TENGAH,2011,,0.376
SULAWESI TENGAH,2012,15.4,0.4
SULAWESI TENGAH,2013,14.67,0.407
SULAWESI TENGAH,2014,13.93,0.372
SULAWESI TENGAH,2015,14.66,0.374
SULAWESI TENGAH,2016,14.45,0.362
SULAWESI TENGAH,2017,14.14,0.355
SULAWESI TENGAH,2018,14.01,0.346
SULAWESI TENGAH,2019,13.48,0.327
SULAWESI TENGAH,2020,12.92,0.326
SULAWESI TENGAH,2021,13,0.316
SULAWESI TENGAH,2022,12.33,0.308
SULAWESI TENGAH,2023,12.41,0.304
SULAWESI TENGAH,2024,11.77,0.301
SULAWESI TENGGARA,2010,,0.421
SULAWESI TENGGARA,2011,,0.413
SULAWESI TENGGARA,2012,13.71,0.404
SULAWESI TENGGARA,2013,12.83,0.426
SULAWESI TENGGARA,2014,14.05,0.409
SULAWESI TENGGARA,2015,12.9,0.399
SULAWESI TENGGARA,2016,12.88,0.402
SULAWESI TENGGARA,2017,12.81,0.394
SULAWESI TENGGARA,2018,11.63,0.409
SULAWESI TENGGARA,2019,11.24,0.399
SULAWESI TENGGARA,2020,11,0.389
SULAWESI TENGGARA,2021,11.66,0.39
SULAWESI TENGGARA,2022,11.17,0.387
SULAWESI TENGGARA,2023,11.43,0.371
SULAWESI TENGGARA,2024,11.21,0.37
SULAWESI UTARA,2010,,0.37
SULAWESI UTARA,2011,,0.386
SULAWESI UTARA,2012,8.18,0.427
SULAWESI UTARA,2013,7.88,0.422
SULAWESI UTARA,2014,8.75,0.424
SULAWESI UTARA,2015,8.65,0.368
SULAWESI UTARA,2016,8.34,0.386
SULAWESI UTARA,2017,8.1,0.396
SULAWESI UTARA,2018,7.8,0.394
SULAWESI UTARA,2019,7.66,0.367
SULAWESI UTARA,2020,7.62,0.37
SULAWESI UTARA,2021,7.77,0.365
SULAWESI UTARA,2022,7.28,0.365
SULAWESI UTARA,2023,7.38,0.37
SULAWESI UTARA,2024,7.25,0.36
SUMATERA BARAT,2010,,0.325
SUMATERA BARAT,2011,,0.353
SUMATERA BARAT,2012,8.19,0.364
SUMATERA BARAT,2013,8.14,0.363
SUMATERA BARAT,2014,7.41,0.334
SUMATERA BARAT,2015,7.31,0.342
SUMATERA BARAT,2016,7.09,0.331
SUMATERA BARAT,2017,6.87,0.318
SUMATERA BARAT,2018,6.65,0.321
SUMATERA BARAT,2019,6.42,0.306
SUMATERA BARAT,2020,6.28,0.305
SUMATERA BARAT,2021,6.63,0.306
SUMATERA BARAT,2022,5.92,0.3
SUMATERA BARAT,2023,5.95,0.28
SUMATERA BARAT,2024,5.97,0.283
SUMATERA SELATAN,2010,,0.34
SUMATERA SELATAN,2011,,0.342
SUMATERA SELATAN,2012,13.78,0.396
SUMATERA SELATAN,2013,14.24,0.383
SUMATERA SELATAN,2014,13.91,0.399
SUMATERA SELATAN,2015,14.25,0.36
SUMATERA SELATAN,2016,13.54,0.348
SUMATERA SELATAN,2017,13.19,0.361
SUMATERA SELATAN,2018,12.8,0.358
SUMATERA SELATAN,2019,12.71,0.331
SUMATERA SELATAN,2020,12.66,0.339
SUMATERA SELATAN,2021,12.84,0.341
SUMATERA SELATAN,2022,11.9,0.339
SUMATERA SELATAN,2023,11.78,0.338
SUMATERA SELATAN,2024,10.97,0.333
SUMATERA UTARA,2010,,0.346
SUMATERA UTARA,2011,,0.347
SUMATERA UTARA,2012,10.67,0.332
SUMATERA UTARA,2013,10.06,0.354
SUMATERA UTARA,2014,9.38,0.321
SUMATERA UTARA,2015,10.53,0.336
SUMATERA UTARA,2016,10.35,0.319
SUMATERA UTARA,2017,10.22,0.315
SUMATERA UTARA,2018,9.22,0.318
SUMATERA UTARA,2019,8.83,0.317
SUMATERA UTARA,2020,8.75,0.316
SUMATERA UTARA,2021,9.01,0.314
SUMATERA UTARA,2022,8.42,0.312
SUMATERA UTARA,2023,8.15,0.309
SUMATERA UTARA,2024,7.99,0.297
